Category,Project Title,Project Description
Medicine,Create a First Aid Guide,Research and compile a comprehensive first aid guide.
Medicine,Volunteer at a Local Hospital,Gain hands-on experience by assisting medical staff.
Medicine,Shadow a Doctor,Observe a healthcare professional in their daily routine.
Medicine,Organize a Health Fair,Educate your community about health and wellness.
Medicine,Research a Medical Condition,Write a report on a specific disease or condition.
Medicine,Build a Model of the Human Heart,Use materials to create a detailed model of the human heart.
Medicine,Create a Public Health Campaign,Design a campaign to raise awareness about a health issue.
Medicine,Interview Healthcare Professionals,Conduct interviews and compile their insights.
Medicine,Study the Effects of a Healthy Diet,Document the impact of a healthy diet on overall health.
Medicine,Volunteer at a Nursing Home,Help care for elderly residents and learn about geriatric care.
Engineering,Create a First Aid Guide,Research and compile a comprehensive first aid guide.
Engineering,Volunteer at a Local Hospital,Gain hands-on experience by assisting medical staff.
Engineering,Shadow a Doctor,Observe a healthcare professional in their daily routine.
Engineering,Organize a Health Fair,Educate your community about health and wellness.
Engineering,Research a Medical Condition,Write a report on a specific disease or condition.
Engineering,Build a Model of the Human Heart,Use materials to create a detailed model of the human heart.
Engineering,Create a Public Health Campaign,Design a campaign to raise awareness about a health issue.
Engineering,Interview Healthcare Professionals,Conduct interviews and compile their insights.
Engineering,Study the Effects of a Healthy Diet,Document the impact of a healthy diet on overall health.
Engineering,Volunteer at a Nursing Home,Help care for elderly residents and learn about geriatric care.
Business,Create a First Aid Guide,Research and compile a comprehensive first aid guide.
Business,Volunteer at a Local Hospital,Gain hands-on experience by assisting medical staff.
Business,Shadow a Doctor,Observe a healthcare professional in their daily routine.
Business,Organize a Health Fair,Educate your community about health and wellness.
Business,Research a Medical Condition,Write a report on a specific disease or condition.
Business,Build a Model of the Human Heart,Use materials to create a detailed model of the human heart.
Business,Create a Public Health Campaign,Design a campaign to raise awareness about a health issue.
Business,Interview Healthcare Professionals,Conduct interviews and compile their insights.
Business,Study the Effects of a Healthy Diet,Document the impact of a healthy diet on overall health.
Business,Volunteer at a Nursing Home,Help care for elderly residents and learn about geriatric care.
Computer Science,Create a First Aid Guide,Research and compile a comprehensive first aid guide.
Computer Science,Volunteer at a Local Hospital,Gain hands-on experience by assisting medical staff.
Computer Science,Shadow a Doctor,Observe a healthcare professional in their daily routine.
Computer Science,Organize a Health Fair,Educate your community about health and wellness.
Computer Science,Research a Medical Condition,Write a report on a specific disease or condition.
Computer Science,Build a Model of the Human Heart,Use materials to create a detailed model of the human heart.
Computer Science,Create a Public Health Campaign,Design a campaign to raise awareness about a health issue.
Computer Science,Interview Healthcare Professionals,Conduct interviews and compile their insights.
Computer Science,Study the Effects of a Healthy Diet,Document the impact of a healthy diet on overall health.
Computer Science,Volunteer at a Nursing Home,Help care for elderly residents and learn about geriatric care.
Environmental Science,Create a First Aid Guide,Research and compile a comprehensive first aid guide.
Environmental Science,Volunteer at a Local Hospital,Gain hands-on experience by assisting medical staff.
Environmental Science,Shadow a Doctor,Observe a healthcare professional in their daily routine.
Environmental Science,Organize a Health Fair,Educate your community about health and wellness.
Environmental Science,Research a Medical Condition,Write a report on a specific disease or condition.
Environmental Science,Build a Model of the Human Heart,Use materials to create a detailed model of the human heart.
Environmental Science,Create a Public Health Campaign,Design a campaign to raise awareness about a health issue.
Environmental Science,Interview Healthcare Professionals,Conduct interviews and compile their insights.
Environmental Science,Study the Effects of a Healthy Diet,Document the impact of a healthy diet on overall health.
Environmental Science,Volunteer at a Nursing Home,Help care for elderly residents and learn about geriatric care.
Education,Create a First Aid Guide,Research and compile a comprehensive first aid guide.
Education,Volunteer at a Local Hospital,Gain hands-on experience by assisting medical staff.
Education,Shadow a Doctor,Observe a healthcare professional in their daily routine.
Education,Organize a Health Fair,Educate your community about health and wellness.
Education,Research a Medical Condition,Write a report on a specific disease or condition.
Education,Build a Model of the Human Heart,Use materials to create a detailed model of the human heart.
Education,Create a Public Health Campaign,Design a campaign to raise awareness about a health issue.
Education,Interview Healthcare Professionals,Conduct interviews and compile their insights.
Education,Study the Effects of a Healthy Diet,Document the impact of a healthy diet on overall health.
Education,Volunteer at a Nursing Home,Help care for elderly residents and learn about geriatric care.
Arts,Create a First Aid Guide,Research and compile a comprehensive first aid guide.
Arts,Volunteer at a Local Hospital,Gain hands-on experience by assisting medical staff.
Arts,Shadow a Doctor,Observe a healthcare professional in their daily routine.
Arts,Organize a Health Fair,Educate your community about health and wellness.
Arts,Research a Medical Condition,Write a report on a specific disease or condition.
Arts,Build a Model of the Human Heart,Use materials to create a detailed model of the human heart.
Arts,Create a Public Health Campaign,Design a campaign to raise awareness about a health issue.
Arts,Interview Healthcare Professionals,Conduct interviews and compile their insights.
Arts,Study the Effects of a Healthy Diet,Document the impact of a healthy diet on overall health.
Arts,Volunteer at a Nursing Home,Help care for elderly residents and learn about geriatric care.
Literature,Create a First Aid Guide,Research and compile a comprehensive first aid guide.
Literature,Volunteer at a Local Hospital,Gain hands-on experience by assisting medical staff.
Literature,Shadow a Doctor,Observe a healthcare professional in their daily routine.
Literature,Organize a Health Fair,Educate your community about health and wellness.
Literature,Research a Medical Condition,Write a report on a specific disease or condition.
Literature,Build a Model of the Human Heart,Use materials to create a detailed model of the human heart.
Literature,Create a Public Health Campaign,Design a campaign to raise awareness about a health issue.
Literature,Interview Healthcare Professionals,Conduct interviews and compile their insights.
Literature,Study the Effects of a Healthy Diet,Document the impact of a healthy diet on overall health.
Literature,Volunteer at a Nursing Home,Help care for elderly residents and learn about geriatric care.
History,Create a First Aid Guide,Research and compile a comprehensive first aid guide.
History,Volunteer at a Local Hospital,Gain hands-on experience by assisting medical staff.
History,Shadow a Doctor,Observe a healthcare professional in their daily routine.
History,Organize a Health Fair,Educate your community about health and wellness.
History,Research a Medical Condition,Write a report on a specific disease or condition.
History,Build a Model of the Human Heart,Use materials to create a detailed model of the human heart.
History,Create a Public Health Campaign,Design a campaign to raise awareness about a health issue.
History,Interview Healthcare Professionals,Conduct interviews and compile their insights.
History,Study the Effects of a Healthy Diet,Document the impact of a healthy diet on overall health.
History,Volunteer at a Nursing Home,Help care for elderly residents and learn about geriatric care.
Psychology,Create a First Aid Guide,Research and compile a comprehensive first aid guide.
Psychology,Volunteer at a Local Hospital,Gain hands-on experience by assisting medical staff.
Psychology,Shadow a Doctor,Observe a healthcare professional in their daily routine.
Psychology,Organize a Health Fair,Educate your community about health and wellness.
Psychology,Research a Medical Condition,Write a report on a specific disease or condition.
Psychology,Build a Model of the Human Heart,Use materials to create a detailed model of the human heart.
Psychology,Create a Public Health Campaign,Design a campaign to raise awareness about a health issue.
Psychology,Interview Healthcare Professionals,Conduct interviews and compile their insights.
Psychology,Study the Effects of a Healthy Diet,Document the impact of a healthy diet on overall health.
Psychology,Volunteer at a Nursing Home,Help care for elderly residents and learn about geriatric care.
Sociology,Create a First Aid Guide,Research and compile a comprehensive first aid guide.
Sociology,Volunteer at a Local Hospital,Gain hands-on experience by assisting medical staff.
Sociology,Shadow a Doctor,Observe a healthcare professional in their daily routine.
Sociology,Organize a Health Fair,Educate your community about health and wellness.
Sociology,Research a Medical Condition,Write a report on a specific disease or condition.
Sociology,Build a Model of the Human Heart,Use materials to create a detailed model of the human heart.
Sociology,Create a Public Health Campaign,Design a campaign to raise awareness about a health issue.
Sociology,Interview Healthcare Professionals,Conduct interviews and compile their insights.
Sociology,Study the Effects of a Healthy Diet,Document the impact of a healthy diet on overall health.
Sociology,Volunteer at a Nursing Home,Help care for elderly residents and learn about geriatric care.
Political Science,Create a First Aid Guide,Research and compile a comprehensive first aid guide.
Political Science,Volunteer at a Local Hospital,Gain hands-on experience by assisting medical staff.
Political Science,Shadow a Doctor,Observe a healthcare professional in their daily routine.
Political Science,Organize a Health Fair,Educate your community about health and wellness.
Political Science,Research a Medical Condition,Write a report on a specific disease or condition.
Political Science,Build a Model of the Human Heart,Use materials to create a detailed model of the human heart.
Political Science,Create a Public Health Campaign,Design a campaign to raise awareness about a health issue.
Political Science,Interview Healthcare Professionals,Conduct interviews and compile their insights.
Political Science,Study the Effects of a Healthy Diet,Document the impact of a healthy diet on overall health.
Political Science,Volunteer at a Nursing Home,Help care for elderly residents and learn about geriatric care.
Economics,Create a First Aid Guide,Research and compile a comprehensive first aid guide.
Economics,Volunteer at a Local Hospital,Gain hands-on experience by assisting medical staff.
Economics,Shadow a Doctor,Observe a healthcare professional in their daily routine.
Economics,Organize a Health Fair,Educate your community about health and wellness.
Economics,Research a Medical Condition,Write a report on a specific disease or condition.
Economics,Build a Model of the Human Heart,Use materials to create a detailed model of the human heart.
Economics,Create a Public Health Campaign,Design a campaign to raise awareness about a health issue.
Economics,Interview Healthcare Professionals,Conduct interviews and compile their insights.
Economics,Study the Effects of a Healthy Diet,Document the impact of a healthy diet on overall health.
Economics,Volunteer at a Nursing Home,Help care for elderly residents and learn about geriatric care.
Biology,Create a First Aid Guide,Research and compile a comprehensive first aid guide.
Biology,Volunteer at a Local Hospital,Gain hands-on experience by assisting medical staff.
Biology,Shadow a Doctor,Observe a healthcare professional in their daily routine.
Biology,Organize a Health Fair,Educate your community about health and wellness.
Biology,Research a Medical Condition,Write a report on a specific disease or condition.
Biology,Build a Model of the Human Heart,Use materials to create a detailed model of the human heart.
Biology,Create a Public Health Campaign,Design a campaign to raise awareness about a health issue.
Biology,Interview Healthcare Professionals,Conduct interviews and compile their insights.
Biology,Study the Effects of a Healthy Diet,Document the impact of a healthy diet on overall health.
Biology,Volunteer at a Nursing Home,Help care for elderly residents and learn about geriatric care.
Chemistry,Create a First Aid Guide,Research and compile a comprehensive first aid guide.
Chemistry,Volunteer at a Local Hospital,Gain hands-on experience by assisting medical staff.
Chemistry,Shadow a Doctor,Observe a healthcare professional in their daily routine.
Chemistry,Organize a Health Fair,Educate your community about health and wellness.
Chemistry,Research a Medical Condition,Write a report on a specific disease or condition.
Chemistry,Build a Model of the Human Heart,Use materials to create a detailed model of the human heart.
Chemistry,Create a Public Health Campaign,Design a campaign to raise awareness about a health issue.
Chemistry,Interview Healthcare Professionals,Conduct interviews and compile their insights.
Chemistry,Study the Effects of a Healthy Diet,Document the impact of a healthy diet on overall health.
Chemistry,Volunteer at a Nursing Home,Help care for elderly residents and learn about geriatric care.
Physics,Create a First Aid Guide,Research and compile a comprehensive first aid guide.
Physics,Volunteer at a Local Hospital,Gain hands-on experience by assisting medical staff.
Physics,Shadow a Doctor,Observe a healthcare professional in their daily routine.
Physics,Organize a Health Fair,Educate your community about health and wellness.
Physics,Research a Medical Condition,Write a report on a specific disease or condition.
Physics,Build a Model of the Human Heart,Use materials to create a detailed model of the human heart.
Physics,Create a Public Health Campaign,Design a campaign to raise awareness about a health issue.
Physics,Interview Healthcare Professionals,Conduct interviews and compile their insights.
Physics,Study the Effects of a Healthy Diet,Document the impact of a healthy diet on overall health.
Physics,Volunteer at a Nursing Home,Help care for elderly residents and learn about geriatric care.
Mathematics,Create a First Aid Guide,Research and compile a comprehensive first aid guide.
Mathematics,Volunteer at a Local Hospital,Gain hands-on experience by assisting medical staff.
Mathematics,Shadow a Doctor,Observe a healthcare professional in their daily routine.
Mathematics,Organize a Health Fair,Educate your community about health and wellness.
Mathematics,Research a Medical Condition,Write a report on a specific disease or condition.
Mathematics,Build a Model of the Human Heart,Use materials to create a detailed model of the human heart.
Mathematics,Create a Public Health Campaign,Design a campaign to raise awareness about a health issue.
Mathematics,Interview Healthcare Professionals,Conduct interviews and compile their insights.
Mathematics,Study the Effects of a Healthy Diet,Document the impact of a healthy diet on overall health.
Mathematics,Volunteer at a Nursing Home,Help care for elderly residents and learn about geriatric care.
Astronomy,Create a First Aid Guide,Research and compile a comprehensive first aid guide.
Astronomy,Volunteer at a Local Hospital,Gain hands-on experience by assisting medical staff.
Astronomy,Shadow a Doctor,Observe a healthcare professional in their daily routine.
Astronomy,Organize a Health Fair,Educate your community about health and wellness.
Astronomy,Research a Medical Condition,Write a report on a specific disease or condition.
Astronomy,Build a Model of the Human Heart,Use materials to create a detailed model of the human heart.
Astronomy,Create a Public Health Campaign,Design a campaign to raise awareness about a health issue.
Astronomy,Interview Healthcare Professionals,Conduct interviews and compile their insights.
Astronomy,Study the Effects of a Healthy Diet,Document the impact of a healthy diet on overall health.
Astronomy,Volunteer at a Nursing Home,Help care for elderly residents and learn about geriatric care.
Environmental Engineering,Create a First Aid Guide,Research and compile a comprehensive first aid guide.
Environmental Engineering,Volunteer at a Local Hospital,Gain hands-on experience by assisting medical staff.
Environmental Engineering,Shadow a Doctor,Observe a healthcare professional in their daily routine.
Environmental Engineering,Organize a Health Fair,Educate your community about health and wellness.
Environmental Engineering,Research a Medical Condition,Write a report on a specific disease or condition.
Environmental Engineering,Build a Model of the Human Heart,Use materials to create a detailed model of the human heart.
Environmental Engineering,Create a Public Health Campaign,Design a campaign to raise awareness about a health issue.
Environmental Engineering,Interview Healthcare Professionals,Conduct interviews and compile their insights.
Environmental Engineering,Study the Effects of a Healthy Diet,Document the impact of a healthy diet on overall health.
Environmental Engineering,Volunteer at a Nursing Home,Help care for elderly residents and learn about geriatric care.
Architecture,Create a First Aid Guide,Research and compile a comprehensive first aid guide.
Architecture,Volunteer at a Local Hospital,Gain hands-on experience by assisting medical staff.
Architecture,Shadow a Doctor,Observe a healthcare professional in their daily routine.
Architecture,Organize a Health Fair,Educate your community about health and wellness.
Architecture,Research a Medical Condition,Write a report on a specific disease or condition.
Architecture,Build a Model of the Human Heart,Use materials to create a detailed model of the human heart.
Architecture,Create a Public Health Campaign,Design a campaign to raise awareness about a health issue.
Architecture,Interview Healthcare Professionals,Conduct interviews and compile their insights.
Architecture,Study the Effects of a Healthy Diet,Document the impact of a healthy diet on overall health.
Architecture,Volunteer at a Nursing Home,Help care for elderly residents and learn about geriatric care.
Political Science ,Create a First Aid Guide,Research and compile a comprehensive first aid guide.
Political Science ,Volunteer at a Local Hospital,Gain hands-on experience by assisting medical staff.
Political Science ,Shadow a Doctor,Observe a healthcare professional in their daily routine.
Political Science ,Organize a Health Fair,Educate your community about health and wellness.
Political Science ,Research a Medical Condition,Write a report on a specific disease or condition.
Political Science ,Build a Model of the Human Heart,Use materials to create a detailed model of the human heart.
Political Science ,Create a Public Health Campaign,Design a campaign to raise awareness about a health issue.
Political Science ,Interview Healthcare Professionals,Conduct interviews and compile their insights.
Political Science,Study the Effects of a Healthy Diet,Document the impact of a healthy diet on overall health.
Political Science ,Volunteer at a Nursing Home,Help care for elderly residents and learn about geriatric care.
Anthropology,Create a First Aid Guide,Research and compile a comprehensive first aid guide.
Anthropology,Volunteer at a Local Hospital,Gain hands-on experience by assisting medical staff.
Anthropology,Shadow a Doctor,Observe a healthcare professional in their daily routine.
Anthropology,Organize a Health Fair,Educate your community about health and wellness.
Anthropology,Research a Medical Condition,Write a report on a specific disease or condition.
Anthropology,Build a Model of the Human Heart,Use materials to create a detailed model of the human heart.
Anthropology,Create a Public Health Campaign,Design a campaign to raise awareness about a health issue.
Anthropology,Interview Healthcare Professionals,Conduct interviews and compile their insights.
Anthropology,Study the Effects of a Healthy Diet,Document the impact of a healthy diet on overall health.
Anthropology,Volunteer at a Nursing Home,Help care for elderly residents and learn about geriatric care.
Journalism,Create a First Aid Guide,Research and compile a comprehensive first aid guide.
Journalism,Volunteer at a Local Hospital,Gain hands-on experience by assisting medical staff.
Journalism,Shadow a Doctor,Observe a healthcare professional in their daily routine.
Journalism,Organize a Health Fair,Educate your community about health and wellness.
Journalism,Research a Medical Condition,Write a report on a specific disease or condition.
Journalism,Build a Model of the Human Heart,Use materials to create a detailed model of the human heart.
Journalism,Create a Public Health Campaign,Design a campaign to raise awareness about a health issue.
Journalism,Interview Healthcare Professionals,Conduct interviews and compile their insights.
Journalism,Study the Effects of a Healthy Diet,Document the impact of a healthy diet on overall health.
Journalism,Volunteer at a Nursing Home,Help care for elderly residents and learn about geriatric care.
Law,Create a First Aid Guide,Research and compile a comprehensive first aid guide.
Law,Volunteer at a Local Hospital,Gain hands-on experience by assisting medical staff.
Law,Shadow a Doctor,Observe a healthcare professional in their daily routine.
Law,Organize a Health Fair,Educate your community about health and wellness.
Law,Research a Medical Condition,Write a report on a specific disease or condition.
Law,Build a Model of the Human Heart,Use materials to create a detailed model of the human heart.
Law,Create a Public Health Campaign,Design a campaign to raise awareness about a health issue.
Law,Interview Healthcare Professionals,Conduct interviews and compile their insights.
Law,Study the Effects of a Healthy Diet,Document the impact of a healthy diet on overall health.
Law,Volunteer at a Nursing Home,Help care for elderly residents and learn about geriatric care.
Music,Create a First Aid Guide,Research and compile a comprehensive first aid guide.
Music,Volunteer at a Local Hospital,Gain hands-on experience by assisting medical staff.
Music,Shadow a Doctor,Observe a healthcare professional in their daily routine.
Music,Organize a Health Fair,Educate your community about health and wellness.
Music,Research a Medical Condition,Write a report on a specific disease or condition.
Music,Build a Model of the Human Heart,Use materials to create a detailed model of the human heart.
Music,Create a Public Health Campaign,Design a campaign to raise awareness about a health issue.
Music,Interview Healthcare Professionals,Conduct interviews and compile their insights.
Music,Study the Effects of a Healthy Diet,Document the impact of a healthy diet on overall health.
Music,Volunteer at a Nursing Home,Help care for elderly residents and learn about geriatric care.
Theater,Create a First Aid Guide,Research and compile a comprehensive first aid guide.
Theater,Volunteer at a Local Hospital,Gain hands-on experience by assisting medical staff.
Theater,Shadow a Doctor,Observe a healthcare professional in their daily routine.
Theater,Organize a Health Fair,Educate your community about health and wellness.
Theater,Research a Medical Condition,Write a report on a specific disease or condition.
Theater,Build a Model of the Human Heart,Use materials to create a detailed model of the human heart.
Theater,Create a Public Health Campaign,Design a campaign to raise awareness about a health issue.
Theater,Interview Healthcare Professionals,Conduct interviews and compile their insights.
Theater,Study the Effects of a Healthy Diet,Document the impact of a healthy diet on overall health.
Theater,Volunteer at a Nursing Home,Help care for elderly residents and learn about geriatric care.
Philosophy,Create a First Aid Guide,Research and compile a comprehensive first aid guide.
Philosophy,Volunteer at a Local Hospital,Gain hands-on experience by assisting medical staff.
Philosophy,Shadow a Doctor,Observe a healthcare professional in their daily routine.
Philosophy,Organize a Health Fair,Educate your community about health and wellness.
Philosophy,Research a Medical Condition,Write a report on a specific disease or condition.
Philosophy,Build a Model of the Human Heart,Use materials to create a detailed model of the human heart.
Philosophy,Create a Public Health Campaign,Design a campaign to raise awareness about a health issue.
Philosophy,Interview Healthcare Professionals,Conduct interviews and compile their insights.
Philosophy,Study the Effects of a Healthy Diet,Document the impact of a healthy diet on overall health.
Philosophy,Volunteer at a Nursing Home,Help care for elderly residents and learn about geriatric care.
Social Work,Create a First Aid Guide,Research and compile a comprehensive first aid guide.
Social Work,Volunteer at a Local Hospital,Gain hands-on experience by assisting medical staff.
Social Work,Shadow a Doctor,Observe a healthcare professional in their daily routine.
Social Work,Organize a Health Fair,Educate your community about health and wellness.
Social Work,Research a Medical Condition,Write a report on a specific disease or condition.
Social Work,Build a Model of the Human Heart,Use materials to create a detailed model of the human heart.
Social Work,Create a Public Health Campaign,Design a campaign to raise awareness about a health issue.
Social Work,Interview Healthcare Professionals,Conduct interviews and compile their insights.
Social Work,Study the Effects of a Healthy Diet,Document the impact of a healthy diet on overall health.
Social Work,Volunteer at a Nursing Home,Help care for elderly residents and learn about geriatric care.
Nursing,Create a First Aid Guide,Research and compile a comprehensive first aid guide.
Nursing,Volunteer at a Local Hospital,Gain hands-on experience by assisting medical staff.
Nursing,Shadow a Doctor,Observe a healthcare professional in their daily routine.
Nursing,Organize a Health Fair,Educate your community about health and wellness.
Nursing,Research a Medical Condition,Write a report on a specific disease or condition.
Nursing,Build a Model of the Human Heart,Use materials to create a detailed model of the human heart.
Nursing,Create a Public Health Campaign,Design a campaign to raise awareness about a health issue.
Nursing,Interview Healthcare Professionals,Conduct interviews and compile their insights.
Nursing,Study the Effects of a Healthy Diet,Document the impact of a healthy diet on overall health.
Nursing,Volunteer at a Nursing Home,Help care for elderly residents and learn about geriatric care.
Culinary Arts,Create a First Aid Guide,Research and compile a comprehensive first aid guide.
Culinary Arts,Volunteer at a Local Hospital,Gain hands-on experience by assisting medical staff.
Culinary Arts,Shadow a Doctor,Observe a healthcare professional in their daily routine.
Culinary Arts,Organize a Health Fair,Educate your community about health and wellness.
Culinary Arts,Research a Medical Condition,Write a report on a specific disease or condition.
Culinary Arts,Build a Model of the Human Heart,Use materials to create a detailed model of the human heart.
Culinary Arts,Create a Public Health Campaign,Design a campaign to raise awareness about a health issue.
Culinary Arts,Interview Healthcare Professionals,Conduct interviews and compile their insights.
Culinary Arts,Study the Effects of a Healthy Diet,Document the impact of a healthy diet on overall health.
Culinary Arts,Volunteer at a Nursing Home,Help care for elderly residents and learn about geriatric care.
Graphic Design,Create a First Aid Guide,Research and compile a comprehensive first aid guide.
Graphic Design,Volunteer at a Local Hospital,Gain hands-on experience by assisting medical staff.
Graphic Design,Shadow a Doctor,Observe a healthcare professional in their daily routine.
Graphic Design,Organize a Health Fair,Educate your community about health and wellness.
Graphic Design,Research a Medical Condition,Write a report on a specific disease or condition.
Graphic Design,Build a Model of the Human Heart,Use materials to create a detailed model of the human heart.
Graphic Design,Create a Public Health Campaign,Design a campaign to raise awareness about a health issue.
Graphic Design,Interview Healthcare Professionals,Conduct interviews and compile their insights.
Graphic Design,Study the Effects of a Healthy Diet,Document the impact of a healthy diet on overall health.
Graphic Design,Volunteer at a Nursing Home,Help care for elderly residents and learn about geriatric care.
Film,Create a First Aid Guide,Research and compile a comprehensive first aid guide.
Film,Volunteer at a Local Hospital,Gain hands-on experience by assisting medical staff.
Film,Shadow a Doctor,Observe a healthcare professional in their daily routine.
Film,Organize a Health Fair,Educate your community about health and wellness.
Film,Research a Medical Condition,Write a report on a specific disease or condition.
Film,Build a Model of the Human Heart,Use materials to create a detailed model of the human heart.
Film,Create a Public Health Campaign,Design a campaign to raise awareness about a health issue.
Film,Interview Healthcare Professionals,Conduct interviews and compile their insights.
Film,Study the Effects of a Healthy Diet,Document the impact of a healthy diet on overall health.
Film,Volunteer at a Nursing Home,Help care for elderly residents and learn about geriatric care.
Fashion Design,Create a First Aid Guide,Research and compile a comprehensive first aid guide.
Fashion Design,Volunteer at a Local Hospital,Gain hands-on experience by assisting medical staff.
Fashion Design,Shadow a Doctor,Observe a healthcare professional in their daily routine.
Fashion Design,Organize a Health Fair,Educate your community about health and wellness.
Fashion Design,Research a Medical Condition,Write a report on a specific disease or condition.
Fashion Design,Build a Model of the Human Heart,Use materials to create a detailed model of the human heart.
Fashion Design,Create a Public Health Campaign,Design a campaign to raise awareness about a health issue.
Fashion Design,Interview Healthcare Professionals,Conduct interviews and compile their insights.
Fashion Design,Study the Effects of a Healthy Diet,Document the impact of a healthy diet on overall health.
Fashion Design,Volunteer at a Nursing Home,Help care for elderly residents and learn about geriatric care.
Urban Planning,Create a First Aid Guide,Research and compile a comprehensive first aid guide.
Urban Planning,Volunteer at a Local Hospital,Gain hands-on experience by assisting medical staff.
Urban Planning,Shadow a Doctor,Observe a healthcare professional in their daily routine.
Urban Planning,Organize a Health Fair,Educate your community about health and wellness.
Urban Planning,Research a Medical Condition,Write a report on a specific disease or condition.
Urban Planning,Build a Model of the Human Heart,Use materials to create a detailed model of the human heart.
Urban Planning,Create a Public Health Campaign,Design a campaign to raise awareness about a health issue.
Urban Planning,Interview Healthcare Professionals,Conduct interviews and compile their insights.
Urban Planning,Study the Effects of a Healthy Diet,Document the impact of a healthy diet on overall health.
Urban Planning,Volunteer at a Nursing Home,Help care for elderly residents and learn about geriatric care.
Veterinary Medicine,Create a First Aid Guide,Research and compile a comprehensive first aid guide.
Veterinary Medicine,Volunteer at a Local Hospital,Gain hands-on experience by assisting medical staff.
Veterinary Medicine,Shadow a Doctor,Observe a healthcare professional in their daily routine.
Veterinary Medicine,Organize a Health Fair,Educate your community about health and wellness.
Veterinary Medicine,Research a Medical Condition,Write a report on a specific disease or condition.
Veterinary Medicine,Build a Model of the Human Heart,Use materials to create a detailed model of the human heart.
Veterinary Medicine,Create a Public Health Campaign,Design a campaign to raise awareness about a health issue.
Veterinary Medicine,Interview Healthcare Professionals,Conduct interviews and compile their insights.
Veterinary Medicine,Study the Effects of a Healthy Diet,Document the impact of a healthy diet on overall health.
Veterinary Medicine,Volunteer at a Nursing Home,Help care for elderly residents and learn about geriatric care.
Sports Science,Create a First Aid Guide,Research and compile a comprehensive first aid guide.
Sports Science,Volunteer at a Local Hospital,Gain hands-on experience by assisting medical staff.
Sports Science,Shadow a Doctor,Observe a healthcare professional in their daily routine.
Sports Science,Organize a Health Fair,Educate your community about health and wellness.
Sports Science,Research a Medical Condition,Write a report on a specific disease or condition.
Sports Science,Build a Model of the Human Heart,Use materials to create a detailed model of the human heart.
Sports Science,Create a Public Health Campaign,Design a campaign to raise awareness about a health issue.
Sports Science,Interview Healthcare Professionals,Conduct interviews and compile their insights.
Sports Science,Study the Effects of a Healthy Diet,Document the impact of a healthy diet on overall health.
Sports Science,Volunteer at a Nursing Home,Help care for elderly residents and learn about geriatric care.
Linguistics,Create a First Aid Guide,Research and compile a comprehensive first aid guide.
Linguistics,Volunteer at a Local Hospital,Gain hands-on experience by assisting medical staff.
Linguistics,Shadow a Doctor,Observe a healthcare professional in their daily routine.
Linguistics,Organize a Health Fair,Educate your community about health and wellness.
Linguistics,Research a Medical Condition,Write a report on a specific disease or condition.
Linguistics,Build a Model of the Human Heart,Use materials to create a detailed model of the human heart.
Linguistics,Create a Public Health Campaign,Design a campaign to raise awareness about a health issue.
Linguistics,Interview Healthcare Professionals,Conduct interviews and compile their insights.
Linguistics,Study the Effects of a Healthy Diet,Document the impact of a healthy diet on overall health.
Linguistics,Volunteer at a Nursing Home,Help care for elderly residents and learn about geriatric care.
Robotics,Create a First Aid Guide,Research and compile a comprehensive first aid guide.
Robotics,Volunteer at a Local Hospital,Gain hands-on experience by assisting medical staff.
Robotics,Shadow a Doctor,Observe a healthcare professional in their daily routine.
Robotics,Organize a Health Fair,Educate your community about health and wellness.
Robotics,Research a Medical Condition,Write a report on a specific disease or condition.
Robotics,Build a Model of the Human Heart,Use materials to create a detailed model of the human heart.
Robotics,Create a Public Health Campaign,Design a campaign to raise awareness about a health issue.
Robotics,Interview Healthcare Professionals,Conduct interviews and compile their insights.
Robotics,Study the Effects of a Healthy Diet,Document the impact of a healthy diet on overall health.
Robotics,Volunteer at a Nursing Home,Help care for elderly residents and learn about geriatric care.
Animation,Create an Animated Short Film,"Write, animate, and edit a short movie."
Animation,Volunteer for an Animation Studio,Gain experience in the animation industry.
Animation,Develop an Animation Blog,Share tutorials and insights on animation techniques.
Animation,Write a Research Paper,Explore a specific topic in animation.
Animation,Create Educational Videos,Explain animation concepts through video.
Animation,Participate in an Animation Competition,Test your skills in an animation contest.
Animation,Study Animation History,Research and document the evolution of animation.
Animation,Create an Animation Podcast,Discuss animation topics and interview animators.
